{
  "screen1": {
    "quizName": "Quiz 1",
    "question": "Det korrekt svaret er. Det korrekt svaret er. Det korrekt svaret er. Det korrekt svaret er. Det korrekt svaret er. Det korrekt svaret er. Det korrekt svaret er. Det korrekt svaret er. Det korrekt svaret er Det korrekt svaret er. Det korrekt svaret er. Det korrekt svaret er. Det korrekt svaret er. Det korrekt svaret er",
    "answer": "Det korrekt svaret er Svaret er det samme hver hang her i testen testentesten testentesten testen",
    "firmNaming": "music",
    "musicName": "Sample Music",
    "artistName": "Artist 1",
    "additionalNotes": "Dette er kun en test på spørsmål om musikk. ette er kun en test på . Dette er kun en test på spørsmål om musikk. ette er kun en test på . Dette er kun en test på spørsmål om musikk. ette er kun en test på . Dette er kun en test på spørsmål om musikk. ette er kun en test på .. Dette er kun en test på spørsmål om musikk. ette er kun en test på .. Dette er kun en test på spørsmål om musikk. ette er kun en test på .. Dette er kun en test på spørsmål om musikk. ette er kun en test på .. Dette er kun en test på spørsmål om musikk. ette er kun en test på .. Dette er kun en test på spørsmål om musikk. ette er kun en test på .Dette er kun en test på spørsmål om musikk. ette er kun en test på .Dette er kun en test på spørsmål om musikk. ette er kun en test på .Dette er kun en test på spørsmål om musikk. ette er kun en test på .Dette er kun en test på spørsmål om musikk. ette er kun en test på .Dette er kun en test på spørsmål om musikk. ette er kun en test på .Dette er kun en test på spørsmål om musikk. ette er kun en test på .Dette er kun en test på spørsmål om musikk. ette er kun en test på .Dette er kun en test på spørsmål om musikk. ette er kun en test på .Dette er kun en test på spørsmål om musikk. ette er kun en test på .Dette er kun en test på spørsmål om musikk. ette er kun en test på .Dette er kun en test på spørsmål om musikk. ette er kun en test på .Dette er kun en test på spørsmål om musikk. ette er kun en test på .Dette er kun en test på spørsmål om musikk. ette er kun en test på . ette er kun en test på . Senere vil det bli stilt individuelle spørsmål til hver enkelt melodi.Dette er kun en test på spørsmål om musikk. Senere vil det bli stilt individuelle spørsmål til hver enkelt melodi.Dette er kun en test på spørsmål om musikk. Senere vil det bli stilt individuelle spørsmål til hver enkelt melodi.Dette er kun en test på spørsmål om musikk. Senere vil det bli stilt individuelle spørsmål til hver enkelt melodi.Dette er kun en test på spørsmål om musikk. Senere vil det bli stilt individuelle spørsmål til hver enkelt melodi.Dette er kun en test på spørsmål om musikk. Senere vil det bli stilt individuelle spørsmål til hver enkelt melodi.Dette er kun en test på spørsmål om musikk. Senere vil det bli stilt individuelle spørsmål til hver enkelt melodi.Dette er kun en test på spørsmål om musikk. Senere vil det bli stilt individuelle spørsmål til hver enkelt melodi.Dette er kun en test på spørsmål om musikk. Senere vil det bli stilt individuelle spørsmål til hver enkelt melodi.Dette er kun en test på spørsmål om musikk. Senere vil det bli stilt individuelle spørsmål til hver enkelt melodi.Dette er kun en test på spørsmål om musikk. Senere vil det bli stilt individuelle spørsmål til hver enkelt melodi.Dette er kun en test på spørsmål om musikk. Senere vil det bli stilt individuelle spørsmål til hver enkelt melodi.Dette er kun en test på spørsmål om musikk. Senere vil det bli stilt individuelle spørsmål til hver enkelt melodi.Dette er kun en test på spørsmål om musikk. Senere vil det bli stilt individuelle spørsmål til hver enkelt melodi.Dette er kun en test på spørsmål om musikk. Senere vil det bli stilt individuelle spørsmål til hver enkelt melodi.Dette er kun en test på spørsmål om musikk. Senere vil det bli stilt individuelle spørsmål til hver enkelt melodi.Dette er kun en test på spørsmål om musikk. Senere vil det bli stilt individuelle spørsmål til hver enkelt melodi.Dette er kun en test på spørsmål om musikk. Senere vil det bli stilt individuelle spørsmål til hver enkelt melodi.Dette er kun en test på spørsmål om musikk. Senere vil det bli stilt individuelle spørsmål til hver enkelt melodi.Dette er kun en test på spørsmål om musikk. Senere vil det bli stilt individuelle spørsmål til hver enkelt melodi.Dette er kun en test på spørsmål om musikk. Senere vil det bli stilt individuelle spørsmål til hver enkelt melodi.Dette er kun en test på spørsmål om musikk. Senere vil det bli stilt individuelle spørsmål til hver enkelt melodi.Dette er kun en test på spørsmål om musikk. Senere vil det bli stilt individuelle spørsmål til hver enkelt melodi.Dette er kun en test på spørsmål om musikk. Senere vil det bli stilt individuelle spørsmål til hver enkelt melodi.Dette er kun en test på spørsmål om musikk. Senere vil det bli stilt individuelle spørsmål til hver enkelt melodi.Senere vil det bli stilt individuelle spørsmål til hver enkelt melodi.Senere vil det bli stilt individuelle spørsmål til hver enkelt melodi.Senere vil det bli stilt individuelle spørsmål til hver enkelt melodi.Senere vil det bli stilt individuelle spørsmål til hver enkelt melodi.Senere vil det bli stilt individuelle spørsmål til hver enkelt melodi."
  },
  "screen2": {
    "question": "Det korrekt svaret er. Det korrekt svaret er.Det korrekt svaret er. Det korrekt svaret er. Det korrekt svaret er Det korrekt svaret er. Det korrekt svaret er. Det korrekt svaret er. Det korrekt svaret er. Det korrekt svaret er",
    "answer": "Det korrekt svaret er Svaret er det samme hver hang her i testen testentesten testentesten testen",
    "firmNaming": "music",
    "musicName": "Another Track",
    "artistName": "Artist 2",
    "additionalNotes": "Dette er kun en test på spørsmål om musikk. ette er kun en test på . Dette er kun en test på spørsmål om musikk. ette er kun en test på . Dette er kun en test på spørsmål om musikk. ette er kun en test på . Dette er kun en test på spørsmål om musikk. ette er kun en test på .. Dette er kun en test på spørsmål om musikk. ette er kun en test på .. Dette er kun en test på spørsmål om musikk. ette er kun en test på .. Dette er kun en test på spørsmål om musikk. ette er kun en test på .. Dette er kun en test på spørsmål om musikk. ette er kun en test på .. Dette er kun en test på spørsmål om musikk. ette er kun en test på .Dette er kun en test på spørsmål om musikk. ette er kun en test på .Dette er kun en test på spørsmål om musikk. ette er kun en test på .Dette er kun en test på spørsmål om musikk. ette er kun en test på .Dette er kun en test på spørsmål om musikk. ette er kun en test på .Dette er kun en test på spørsmål om musikk. ette er kun en test på .Dette er kun en test på spørsmål om musikk. ette er kun en test på .Dette er kun en test på spørsmål om musikk. ette er kun en test på .Dette er kun en test på spørsmål om musikk. ette er kun en test på .Dette er kun en test på spørsmål om musikk. ette er kun en test på .Dette er kun en test på spørsmål om musikk. ette er kun en test på .Dette er kun en test på spørsmål om musikk. ette er kun en test på .Dette er kun en test på spørsmål om musikk. ette er kun en test på .Dette er kun en test på spørsmål om musikk. ette er kun en test på . ette er kun en test på . Senere vil det bli stilt individuelle spørsmål til hver enkelt melodi.Dette er kun en test på spørsmål om musikk. Senere vil det bli stilt individuelle spørsmål til hver enkelt melodi.Dette er kun en test på spørsmål om musikk. Senere vil det bli stilt individuelle spørsmål til hver enkelt melodi.Dette er kun en test på spørsmål om musikk. Senere vil det bli stilt individuelle spørsmål til hver enkelt melodi.Dette er kun en test på spørsmål om musikk. Senere vil det bli stilt individuelle spørsmål til hver enkelt melodi.Dette er kun en test på spørsmål om musikk. Senere vil det bli stilt individuelle spørsmål til hver enkelt melodi.Dette er kun en test på spørsmål om musikk. Senere vil det bli stilt individuelle spørsmål til hver enkelt melodi.Dette er kun en test på spørsmål om musikk. Senere vil det bli stilt individuelle spørsmål til hver enkelt melodi.Dette er kun en test på spørsmål om musikk. Senere vil det bli stilt individuelle spørsmål til hver enkelt melodi.Dette er kun en test på spørsmål om musikk. Senere vil det bli stilt individuelle spørsmål til hver enkelt melodi.Dette er kun en test på spørsmål om musikk. Senere vil det bli stilt individuelle spørsmål til hver enkelt melodi.Dette er kun en test på spørsmål om musikk. Senere vil det bli stilt individuelle spørsmål til hver enkelt melodi.Dette er kun en test på spørsmål om musikk. Senere vil det bli stilt individuelle spørsmål til hver enkelt melodi.Dette er kun en test på spørsmål om musikk. Senere vil det bli stilt individuelle spørsmål til hver enkelt melodi.Dette er kun en test på spørsmål om musikk. Senere vil det bli stilt individuelle spørsmål til hver enkelt melodi.Dette er kun en test på spørsmål om musikk. Senere vil det bli stilt individuelle spørsmål til hver enkelt melodi.Dette er kun en test på spørsmål om musikk. Senere vil det bli stilt individuelle spørsmål til hver enkelt melodi.Dette er kun en test på spørsmål om musikk. Senere vil det bli stilt individuelle spørsmål til hver enkelt melodi.Dette er kun en test på spørsmål om musikk. Senere vil det bli stilt individuelle spørsmål til hver enkelt melodi.Dette er kun en test på spørsmål om musikk. Senere vil det bli stilt individuelle spørsmål til hver enkelt melodi.Dette er kun en test på spørsmål om musikk. Senere vil det bli stilt individuelle spørsmål til hver enkelt melodi.Dette er kun en test på spørsmål om musikk. Senere vil det bli stilt individuelle spørsmål til hver enkelt melodi.Dette er kun en test på spørsmål om musikk. Senere vil det bli stilt individuelle spørsmål til hver enkelt melodi.Dette er kun en test på spørsmål om musikk. Senere vil det bli stilt individuelle spørsmål til hver enkelt melodi.Dette er kun en test på spørsmål om musikk. Senere vil det bli stilt individuelle spørsmål til hver enkelt melodi.Senere vil det bli stilt individuelle spørsmål til hver enkelt melodi.Senere vil det bli stilt individuelle spørsmål til hver enkelt melodi.Senere vil det bli stilt individuelle spørsmål til hver enkelt melodi.Senere vil det bli stilt individuelle spørsmål til hver enkelt melodi.Senere vil det bli stilt individuelle spørsmål til hver enkelt melodi."
  },
  "screen3": {
    "question": "Det korrekt svaret er Svaret er det samme hver hang her i testen testentesten testentesten testen",
    "answer": "Det korrekt svaret er Svaret er det samme hver hang her i testen testentesten testentesten testen",
    "firmNaming": "music",
    "musicName": "Final Track",
    "artistName": "Artist 3",
    "additionalNotes": "The song takes listeners on an emotional journey through its powerful instrumentation and heartfelt lyrics. It features a blend of soft and powerful moments, creating a dynamic listening experience. The production highlights the artist’s unique sound, with carefully crafted harmonies and melodies. Fans have described it as a masterpiece that speaks directly to the soul."
  },
  "screen4": {
    "question": "What is Jazz?",
    "answer": "A genre of music.",
    "firmNaming": "music",
    "musicName": "Jazz Vibes",
    "artistName": "Miles Davis",
    "additionalNotes": "Jazz has a rich history, originating in the early 20th century and evolving through various styles. This track exemplifies the improvisational nature of jazz, featuring expressive solos and intricate chord progressions. The rhythm section provides a solid foundation, allowing the melody to shine. The song embodies the spirit of jazz, offering a timeless listening experience."
  },
  "screen5": {
    "question": "What is Rock?",
    "answer": "A genre of music.",
    "firmNaming": "music",
    "musicName": "Rock Legends",
    "artistName": "Led Zeppelin",
    "additionalNotes": "Rock music has influenced countless generations with its energy and rebellious spirit. This track captures the essence of classic rock, with powerful guitar riffs, dynamic drumming, and passionate vocals. The song’s intensity builds throughout, culminating in an electrifying climax. It remains a staple in rock history, continuing to inspire new musicians."
  },
  "screen6": {
    "question": "Det korrekt svaret er. Det korrekt svaret er.Det korrekt svaret er. Det korrekt svaret er. Det korrekt svaret er Det korrekt svaret er. Det korrekt svaret er. Det korrekt svaret er. Det korrekt svaret er.",
    "answer": "Det korrekt svaret er Svaret er det samme hver hang her i testen testentesten testentesten testen",
    "firmNaming": "music",
    "musicName": "Symphony No. 5",
    "artistName": "Ludwig van Beethoven",
    "additionalNotes": "Beethoven’s Symphony No. 5 is one of the most recognizable pieces in classical music. Its dramatic opening motif sets the stage for a powerful composition. The symphony explores various emotional depths, showcasing Beethoven’s mastery of orchestration. Its influence extends beyond classical music, shaping the sound of film scores and modern compositions."
  },
  "screen7": {
    "question": "What is Blues?",
    "answer": "A genre of music.",
    "firmNaming": "music",
    "musicName": "Blues Classics",
    "artistName": "B.B. King",
    "additionalNotes": "Blues music is deeply rooted in storytelling, often conveying themes of love, loss, and resilience. This track features soulful guitar playing, expressive vocals, and a grooving rhythm section. The artist’s ability to convey raw emotion through music is what makes blues so powerful. The song’s influence can be heard in various genres, from rock to jazz."
  },
  "screen8": {
    "question": "Who is Mozart?",
    "answer": "A classical composer.",
    "firmNaming": "music",
    "musicName": "The Magic Flute",
    "artistName": "Wolfgang Amadeus Mozart",
    "additionalNotes": "Mozart’s compositions are known for their elegance and complexity. 'The Magic Flute' is a perfect example of his genius, blending operatic storytelling with rich musical textures. The orchestration is vibrant, and the vocal performances bring the story to life. It remains one of the most celebrated works in classical music history."
  },
  "screen9": {
    "question": "What is Hip-Hop?",
    "answer": "A genre of music.",
    "firmNaming": "music",
    "musicName": "Rap Beats",
    "artistName": "Tupac Shakur",
    "additionalNotes": "Hip-hop has revolutionized the music industry, blending rhythm, poetry, and storytelling. This track highlights the power of lyrical expression, addressing social issues and personal experiences. The beat is meticulously crafted, providing the perfect backdrop for the artist’s message. It stands as a testament to the cultural impact of hip-hop."
  },
  "screen10": {
    "question": "Who is Elvis?",
    "answer": "A rock and roll artist.",
    "firmNaming": "music",
    "musicName": "The King of Rock",
    "artistName": "Elvis Presley",
    "additionalNotes": "Elvis Presley’s music defined an era, introducing rock and roll to a global audience. This song showcases his signature vocal style and energetic performance. The rhythm is infectious, encouraging listeners to move to the beat. His influence can still be felt in modern music, cementing his legacy as the King of Rock."
  },
  "screen11": {
    "question": "What is Pop Music?",
    "answer": "A popular genre of music.",
    "firmNaming": "music",
    "musicName": "Pop Hits",
    "artistName": "Michael Jackson",
    "additionalNotes": "Pop music is characterized by catchy melodies, polished production, and wide appeal. This track embodies all these qualities, delivering an unforgettable listening experience. The song’s arrangement is meticulously crafted, with layered harmonies and dynamic instrumentation. Its chart-topping success is a testament to its universal appeal."
  },
  "screen12": {
    "question": "Who is The Weeknd?",
    "answer": "A Canadian singer.",
    "firmNaming": "music",
    "musicName": "Starboy",
    "artistName": "The Weeknd",
    "additionalNotes": "The Weeknd’s music blends R&B, pop, and electronic influences to create a unique sound. 'Starboy' showcases his smooth vocals and atmospheric production. The lyrics delve into themes of fame and personal struggles. The song’s infectious rhythm and futuristic sound make it a standout hit."
  },
  "screen13": {
    "question": "What is EDM?",
    "answer": "Electronic Dance Music.",
    "firmNaming": "music",
    "musicName": "Electronic Beats",
    "artistName": "Calvin Harris",
    "additionalNotes": "EDM is known for its high-energy beats and festival anthems. This track features pulsating basslines, soaring synths, and an infectious drop. The production is meticulously layered, ensuring every element shines. It’s a perfect example of why EDM continues to dominate dance floors worldwide."
  },
  "screen14": {
    "question": "Who is Taylor Swift?",
    "answer": "A pop-country singer.",
    "firmNaming": "music",
    "musicName": "Lover",
    "artistName": "Taylor Swift",
    "additionalNotes": "Taylor Swift’s ability to tell personal stories through music has earned her a massive following. 'Lover' is a heartfelt ballad that captures the essence of romance. The song’s delicate instrumentation and poetic lyrics make it an emotional masterpiece."
  },
  "screen15": {
    "question": "What is R&B?",
    "answer": "Rhythm and Blues.",
    "firmNaming": "music",
    "musicName": "Smooth R&B",
    "artistName": "Alicia Keys",
    "additionalNotes": "R&B combines soulful vocals with rich harmonies and deep grooves. This track showcases Alicia Keys’ powerful voice and expressive delivery. The instrumentation is lush, enhancing the song’s emotional impact. It’s a perfect blend of passion and musicality."
  },
  "screen16": {
    "question": "Who is Bob Marley?",
    "answer": "A reggae artist.",
    "firmNaming": "music",
    "musicName": "One Love",
    "artistName": "Bob Marley",
    "additionalNotes": "Bob Marley’s music spread messages of peace and unity. 'One Love' is a timeless anthem that continues to inspire. The reggae rhythm is smooth, and the lyrics convey hope and positivity. It remains one of the most influential songs in history."
  }
}
